search_id,user_id,search_timestamp,search_query,category_filter,results_count
1,33,2026-05-02 07:39:18,Sigma,Lenses,2
2,141,2026-03-07 23:56:54,Sony,Lenses,10
3,136,2026-03-08 09:49:00,Sony,Lenses,2
4,111,2025-10-31 04:51:58,DJI,Drones,5
5,167,2025-08-26 06:35:46,Fujifilm,Cameras,1
6,59,2025-10-18 18:35:46,Aputure,Lighting,5
7,103,2026-02-02 00:35:03,Nanlite,Lighting,0
8,110,2026-02-15 04:41:01,Sigma,Lenses,1
9,40,2026-03-07 17:20:22,Godox,Lighting,0
10,22,2025-12-09 08:01:01,Autel,Drones,0
11,190,2026-01-19 12:58:06,Canon,Lenses,2
12,151,2026-02-10 11:55:52,Sigma,Lenses,0
13,91,2025-11-12 11:59:13,Nanlite,Lighting,0
14,74,2025-07-06 14:41:30,Sony,Lenses,0
15,130,2025-07-20 05:51:26,Canon,Cameras,2
16,58,2025-08-30 17:23:53,DJI,Drones,5
17,95,2025-07-31 01:00:00,DJI,Drones,2
18,110,2025-05-30 04:59:04,DJI,Drones,0
19,70,2025-12-18 10:13:56,Sony,Lenses,1
20,47,2026-02-17 05:26:54,Fujifilm,Cameras,0
21,190,2025-12-04 01:30:23,DJI,Drones,2
22,56,2025-05-31 04:02:47,Aputure,Lighting,1
23,41,2026-02-21 23:31:06,Sony,Lenses,2
24,199,2025-09-06 06:53:22,DJI,Drones,0
25,194,2025-05-29 16:41:59,DJI,Drones,1
26,170,2025-05-26 23:14:28,Aputure,Lighting,2
27,107,2025-12-20 08:48:38,Canon,Lenses,2
28,30,2025-11-08 15:52:18,Sony,Lenses,0
29,174,2025-11-18 18:47:09,Nanlite,Lighting,2
30,12,2026-04-29 13:11:23,Fujifilm,Cameras,10
31,15,2026-04-03 15:48:22,DJI,Drones,1
32,55,2025-11-29 18:20:06,Blackmagic,Cameras,1
33,31,2025-07-07 15:15:36,Autel,Drones,2
34,45,2025-05-29 14:02:12,Fujifilm,Cameras,2
35,59,2025-11-20 17:11:07,Canon,Lenses,1
36,190,2025-06-07 14:34:25,Autel,Drones,0
37,20,2026-04-03 02:58:06,Sigma,Lenses,1
38,104,2025-07-18 15:53:42,Aputure,Lighting,0
39,6,2025-06-03 02:32:45,Canon,Lenses,5
40,159,2025-12-24 14:00:36,Nanlite,Lighting,5
41,23,2025-06-02 21:19:19,Godox,Lighting,1
42,151,2026-01-24 17:19:04,Nanlite,Lighting,0
43,80,2026-04-07 04:37:04,Canon,Lenses,1
44,44,2025-08-06 20:08:24,DJI,Drones,2
45,50,2025-10-11 07:20:30,Sony,Lenses,2
46,166,2025-06-23 01:18:18,Canon,Cameras,0
47,66,2026-04-18 05:57:36,Canon,Cameras,2
48,195,2025-12-14 17:38:25,DJI,Drones,10
49,161,2025-08-11 02:46:27,Aputure,Lighting,2
50,195,2025-12-18 07:47:51,Nanlite,Lighting,5
51,145,2025-12-24 09:12:03,Sigma,Lenses,1
52,113,2025-05-22 22:17:59,Autel,Drones,1
53,78,2026-01-03 00:56:05,Sigma,Lenses,0
54,130,2025-06-08 08:01:17,DJI,Drones,1
55,10,2025-10-17 07:20:24,DJI,Drones,5
56,20,2026-01-17 19:02:34,Autel,Drones,1
57,142,2025-12-20 04:06:03,Autel,Drones,5
58,147,2025-12-13 00:10:39,Blackmagic,Cameras,2
59,129,2025-11-26 12:34:08,Sony,Cameras,1
60,88,2025-09-07 08:39:41,DJI,Drones,0
61,182,2026-05-05 11:58:28,Aputure,Lighting,2
62,157,2025-08-16 18:23:35,Blackmagic,Cameras,1
63,73,2025-07-25 19:42:52,Aputure,Lighting,2
64,174,2026-01-22 14:10:45,DJI,Drones,0
65,25,2026-02-09 15:16:20,Aputure,Lighting,1
66,169,2025-09-06 12:17:12,Blackmagic,Cameras,0
67,170,2025-08-08 04:35:42,Blackmagic,Cameras,1
68,168,2025-08-18 15:35:15,Godox,Lighting,2
69,22,2025-10-08 04:52:20,Sigma,Lenses,1
70,85,2025-06-27 07:45:17,Sony,Cameras,2
71,109,2026-01-23 08:29:14,Canon,Lenses,1
72,47,2026-01-13 04:23:03,Blackmagic,Cameras,5
73,125,2025-09-01 00:03:22,Canon,Cameras,10
74,40,2025-11-01 01:31:21,DJI,Drones,5
75,26,2025-09-07 06:51:57,DJI,Drones,5
76,159,2026-05-03 06:57:33,Fujifilm,Cameras,0
77,47,2026-02-23 11:45:56,Fujifilm,Cameras,0
78,94,2026-05-05 21:33:23,Fujifilm,Cameras,2
79,193,2025-06-04 16:01:54,Godox,Lighting,2
80,80,2025-05-11 02:42:25,Godox,Lighting,1
81,147,2025-11-01 11:24:41,Aputure,Lighting,2
82,200,2026-01-03 17:30:16,Nanlite,Lighting,2
83,42,2025-12-12 03:21:42,Canon,Cameras,5
84,14,2025-06-15 07:46:25,Aputure,Lighting,2
85,27,2025-06-04 22:43:12,DJI,Drones,0
86,42,2025-12-02 06:59:48,Sony,Lenses,5
87,38,2025-07-29 06:37:22,Godox,Lighting,5
88,57,2025-11-19 23:04:04,Aputure,Lighting,5
89,107,2025-08-18 11:43:40,Autel,Drones,2
90,61,2025-06-27 22:27:55,Godox,Lighting,1
91,8,2026-05-04 22:29:19,Canon,Lenses,5
92,167,2025-09-20 00:52:44,Canon,Lenses,0
93,74,2026-04-14 14:07:48,Nanlite,Lighting,5
94,195,2025-06-03 05:03:44,Aputure,Lighting,2
95,21,2026-04-13 23:16:24,DJI,Drones,1
96,39,2025-08-10 08:46:35,Godox,Lighting,2
97,61,2025-09-28 00:07:22,Canon,Lenses,0
98,108,2025-08-26 04:09:21,Godox,Lighting,0
99,128,2025-07-07 18:11:16,DJI,Drones,2
100,75,2025-10-24 16:03:25,Godox,Lighting,2
101,62,2026-03-27 06:56:49,Godox,Lighting,2
102,22,2025-12-04 11:02:21,Canon,Lenses,10
103,140,2026-02-04 17:20:53,Autel,Drones,5
104,12,2025-09-01 23:32:41,Aputure,Lighting,1
105,5,2025-12-31 01:07:50,Canon,Lenses,1
106,188,2026-03-16 22:35:51,DJI,Drones,0
107,91,2026-01-16 11:22:54,Sigma,Lenses,0
108,200,2025-11-28 21:57:55,Nanlite,Lighting,1
109,47,2025-05-10 12:47:50,Sony,Cameras,2
110,118,2026-01-21 20:49:01,DJI,Drones,1
111,52,2026-03-20 19:50:36,DJI,Drones,5
112,132,2025-12-08 21:08:55,Nanlite,Lighting,1
113,10,2025-08-31 18:17:34,Blackmagic,Cameras,1
114,200,2026-05-04 08:28:35,DJI,Drones,1
115,95,2026-01-20 03:06:42,Aputure,Lighting,2
116,99,2025-06-16 17:22:37,Canon,Lenses,1
117,128,2026-05-07 03:20:33,Sigma,Lenses,1
118,22,2026-04-13 12:37:02,Godox,Lighting,1
119,47,2025-06-28 15:33:53,Sony,Lenses,0
120,84,2025-08-18 04:52:54,Sony,Lenses,1
121,184,2025-06-21 07:45:14,Godox,Lighting,2
122,90,2026-04-18 00:36:15,Godox,Lighting,2
123,91,2025-06-18 01:31:42,Aputure,Lighting,2
124,15,2026-02-19 19:42:21,Autel,Drones,1
125,192,2025-12-08 08:17:56,Sony,Cameras,0
126,156,2025-07-06 20:45:37,Godox,Lighting,0
127,61,2025-08-21 06:21:00,Sony,Lenses,1
128,146,2025-08-24 22:02:22,DJI,Drones,2
129,95,2025-12-28 09:18:12,Sony,Lenses,2
130,147,2025-07-28 07:05:29,Blackmagic,Cameras,1
131,167,2026-02-10 04:30:40,Canon,Lenses,10
132,7,2025-09-17 15:45:24,Fujifilm,Cameras,2
133,144,2025-07-25 13:32:43,DJI,Drones,2
134,181,2026-01-29 11:49:06,Godox,Lighting,10
135,74,2026-01-08 19:24:25,Godox,Lighting,0
136,19,2026-04-03 17:36:16,Godox,Lighting,5
137,114,2025-08-18 00:23:20,DJI,Drones,2
138,182,2025-11-19 18:38:04,DJI,Drones,5
139,41,2025-11-13 05:19:39,Blackmagic,Cameras,2
140,32,2025-08-13 00:30:01,Canon,Cameras,1
141,127,2026-04-24 02:13:42,DJI,Drones,2
142,95,2026-04-25 04:32:11,Nanlite,Lighting,0
143,23,2026-04-01 02:08:20,DJI,Drones,1
144,184,2025-05-27 05:21:39,Nanlite,Lighting,1
145,105,2025-06-12 08:09:53,DJI,Drones,10
146,165,2026-01-08 19:50:25,Autel,Drones,1
147,133,2025-10-18 23:53:35,Canon,Lenses,5
148,200,2026-03-25 13:57:55,Canon,Cameras,1
149,15,2025-08-22 22:43:38,DJI,Drones,1
150,42,2025-05-24 14:47:57,Sigma,Lenses,1
151,133,2025-05-08 20:55:44,Canon,Lenses,1
152,163,2025-09-14 00:51:11,Canon,Lenses,2
153,158,2026-03-02 23:13:58,DJI,Drones,2
154,149,2025-06-27 07:12:30,Canon,Cameras,2
155,185,2026-01-09 22:12:28,Sigma,Lenses,0
156,8,2025-08-17 05:28:51,DJI,Drones,5
157,198,2025-07-09 05:56:02,Sigma,Lenses,1
158,147,2026-02-19 08:39:13,Nanlite,Lighting,2
159,128,2025-10-26 02:05:10,Sigma,Lenses,10
160,124,2025-12-07 17:54:54,Fujifilm,Cameras,1
161,19,2026-02-05 13:10:41,DJI,Drones,1
162,124,2025-10-20 14:12:42,Godox,Lighting,1
163,37,2025-12-11 07:54:42,Sigma,Lenses,1
164,89,2025-05-11 06:00:32,Godox,Lighting,2
165,132,2025-06-19 22:37:15,DJI,Drones,1
166,32,2025-06-05 17:12:15,Sony,Lenses,1
167,25,2026-04-15 11:01:44,DJI,Drones,5
168,158,2026-01-30 20:39:01,Godox,Lighting,10
169,41,2026-04-23 13:06:20,Sigma,Lenses,2
170,49,2025-07-04 09:10:02,Fujifilm,Cameras,10
171,120,2025-12-05 09:09:03,Aputure,Lighting,1
172,24,2025-05-21 11:41:14,Nanlite,Lighting,1
173,62,2026-03-27 14:52:12,Blackmagic,Cameras,0
174,73,2025-09-27 21:13:23,Nanlite,Lighting,5
175,168,2025-12-19 17:15:48,Aputure,Lighting,2
176,28,2025-12-08 01:47:16,Godox,Lighting,5
177,187,2025-07-04 00:12:53,Sony,Lenses,1
178,103,2025-10-21 09:47:00,DJI,Drones,1
179,74,2025-06-25 23:45:33,Autel,Drones,2
180,196,2025-05-23 17:45:14,Sigma,Lenses,2
181,31,2025-09-04 05:03:24,Sony,Cameras,1
182,87,2025-09-26 02:40:45,Canon,Lenses,0
183,131,2026-04-21 14:59:44,Nanlite,Lighting,0
184,10,2026-05-04 20:53:29,Blackmagic,Cameras,5
185,133,2026-03-12 16:16:42,Godox,Lighting,2
186,132,2026-04-06 18:12:37,Blackmagic,Cameras,5
187,82,2025-05-22 23:43:40,Fujifilm,Cameras,10
188,190,2026-04-21 14:27:56,Sigma,Lenses,1
189,131,2025-09-23 10:54:16,Nanlite,Lighting,2
190,122,2025-07-28 01:56:09,DJI,Drones,1
191,29,2026-01-27 09:12:11,Nanlite,Lighting,1
192,186,2025-08-12 09:39:59,Autel,Drones,1
193,168,2026-01-21 12:09:02,Sony,Cameras,2
194,44,2025-06-16 09:59:12,Godox,Lighting,5
195,63,2025-09-21 20:24:16,DJI,Drones,0
196,113,2026-03-06 11:05:28,Sony,Lenses,0
197,177,2025-12-10 22:22:24,Fujifilm,Cameras,2
198,157,2026-04-15 20:36:48,Nanlite,Lighting,2
199,181,2026-04-12 04:47:39,Canon,Cameras,2
200,170,2025-10-12 07:35:33,Nanlite,Lighting,1
201,45,2026-01-03 12:51:55,Nanlite,Lighting,1
202,91,2026-02-22 13:31:06,Sigma,Lenses,1
203,64,2025-07-06 12:25:20,Sigma,Lenses,1
204,77,2026-05-02 00:37:30,Sigma,Lenses,1
205,181,2026-05-03 15:00:00,Aputure,Lighting,1
206,144,2025-08-07 10:25:57,Sony,Lenses,0
207,174,2026-04-08 06:35:24,Aputure,Lighting,5
208,198,2025-07-09 14:30:25,Blackmagic,Cameras,0
209,183,2026-03-14 03:22:05,DJI,Drones,5
210,168,2026-03-18 08:49:15,Sigma,Lenses,1
211,52,2025-07-15 06:07:42,Sigma,Lenses,2
212,36,2026-04-14 19:16:31,DJI,Drones,1
213,172,2025-10-14 14:44:35,Canon,Cameras,0
214,106,2025-05-17 02:54:23,Sigma,Lenses,1
215,175,2025-07-16 03:38:36,Sony,Cameras,10
216,41,2026-02-17 13:09:33,Nanlite,Lighting,5
217,122,2026-05-01 12:43:37,Nanlite,Lighting,0
218,74,2025-09-13 12:04:25,Sony,Lenses,2
219,197,2026-03-07 08:15:05,DJI,Drones,2
220,186,2026-05-03 23:42:49,DJI,Drones,1
221,46,2025-10-14 09:19:32,Autel,Drones,2
222,48,2026-03-15 01:15:15,Canon,Lenses,0
223,146,2026-01-22 15:52:04,DJI,Drones,1
224,165,2026-04-08 01:32:28,Godox,Lighting,5
225,120,2026-02-16 23:06:49,Canon,Lenses,5
226,85,2026-03-18 08:36:43,Fujifilm,Cameras,2
227,184,2025-08-11 20:58:01,Sony,Cameras,2
228,76,2025-08-19 02:41:25,Canon,Cameras,2
229,164,2025-07-08 07:42:44,Aputure,Lighting,2
230,23,2026-03-09 06:44:35,Nanlite,Lighting,0
231,36,2026-02-03 20:16:02,Aputure,Lighting,5
232,2,2025-06-18 11:24:18,Sony,Lenses,1
233,193,2025-10-03 01:25:41,Sony,Lenses,1
234,186,2026-04-11 05:03:52,DJI,Drones,2
235,178,2025-05-22 12:49:13,Sony,Cameras,2
236,120,2026-04-05 22:32:59,Canon,Lenses,1
237,129,2025-11-06 07:01:47,Sigma,Lenses,0
238,76,2025-08-01 21:06:48,Sigma,Lenses,1
239,35,2025-07-24 00:02:03,Godox,Lighting,1
240,156,2026-03-20 15:01:10,Sony,Lenses,2
241,121,2026-04-29 04:28:22,Canon,Cameras,2
242,153,2025-11-02 06:13:04,Autel,Drones,2
243,93,2025-09-20 06:56:00,DJI,Drones,0
244,141,2025-09-03 00:27:57,Canon,Cameras,0
245,134,2026-03-22 03:50:03,Godox,Lighting,2
246,184,2026-03-12 09:02:17,Godox,Lighting,5
247,115,2026-04-10 21:12:00,Autel,Drones,0
248,107,2025-08-03 21:13:28,Nanlite,Lighting,0
249,119,2025-08-02 01:40:44,Sigma,Lenses,0
250,66,2025-05-16 16:26:57,DJI,Drones,2
251,12,2026-01-18 19:50:09,Aputure,Lighting,2
252,139,2025-07-21 11:58:51,DJI,Drones,10
253,121,2025-10-09 05:51:10,DJI,Drones,1
254,197,2025-09-11 23:30:14,Fujifilm,Cameras,1
255,98,2025-08-23 16:38:58,Aputure,Lighting,1
256,175,2026-04-08 04:14:03,Blackmagic,Cameras,0
257,138,2025-06-03 10:55:44,Nanlite,Lighting,0
258,58,2026-03-03 19:48:27,DJI,Drones,10
259,119,2025-08-23 21:30:51,Nanlite,Lighting,1
260,59,2025-09-20 20:47:59,Fujifilm,Cameras,1
261,71,2026-01-11 14:55:26,Sony,Cameras,0
262,170,2025-11-21 07:53:09,Nanlite,Lighting,2
263,5,2025-10-09 17:09:12,Canon,Cameras,0
264,153,2026-01-26 09:26:55,Autel,Drones,2
265,181,2026-03-31 03:22:22,DJI,Drones,2
266,103,2025-12-01 17:46:25,Godox,Lighting,2
267,194,2025-09-13 02:25:16,DJI,Drones,2
268,75,2026-05-07 06:12:19,Blackmagic,Cameras,2
269,198,2025-05-18 05:08:11,Canon,Lenses,1
270,37,2025-06-21 06:56:37,Fujifilm,Cameras,1
271,16,2026-04-13 02:28:16,Fujifilm,Cameras,2
272,13,2025-08-16 22:34:58,Sigma,Lenses,2
273,135,2025-07-15 20:15:12,Sigma,Lenses,1
274,39,2025-12-18 23:22:09,Sony,Lenses,0
275,138,2025-08-18 14:12:24,Godox,Lighting,5
276,77,2025-05-22 08:27:49,Fujifilm,Cameras,5
277,144,2025-06-18 14:15:56,Aputure,Lighting,2
278,35,2025-12-25 04:19:40,Godox,Lighting,1
279,85,2025-10-23 06:18:31,Autel,Drones,5
280,24,2025-09-18 17:55:05,Sony,Cameras,1
281,173,2026-02-14 10:24:46,DJI,Drones,0
282,195,2026-03-08 21:55:21,Fujifilm,Cameras,1
283,86,2025-09-06 07:33:55,Canon,Lenses,1
284,49,2025-10-23 23:21:59,Autel,Drones,5
285,179,2025-12-28 22:09:24,Fujifilm,Cameras,5
286,142,2025-11-22 02:41:21,Sony,Lenses,1
287,137,2025-06-21 09:46:39,Sony,Lenses,1
288,132,2025-10-04 02:09:44,Aputure,Lighting,0
289,185,2026-04-21 19:52:21,Aputure,Lighting,5
290,95,2025-12-17 10:04:15,Sony,Lenses,0
291,57,2025-07-20 07:32:36,Sony,Cameras,1
292,150,2025-08-14 10:04:00,Aputure,Lighting,0
293,85,2025-05-24 17:35:35,Fujifilm,Cameras,2
294,63,2026-02-06 18:14:18,Nanlite,Lighting,2
295,176,2025-10-23 20:13:53,Sony,Lenses,2
296,126,2025-05-08 03:38:40,Aputure,Lighting,0
297,91,2025-11-25 09:53:22,Canon,Cameras,2
298,126,2026-05-01 22:51:59,Sony,Cameras,2
299,20,2026-03-16 17:06:25,DJI,Drones,1
300,162,2025-12-02 14:37:01,Sony,Cameras,2
301,3,2026-01-29 05:51:12,Fujifilm,Cameras,1
302,159,2026-02-10 21:27:15,Nanlite,Lighting,1
303,2,2026-05-07 15:46:05,Godox,Lighting,0
304,185,2026-02-19 15:21:24,Sigma,Lenses,10
305,5,2026-02-17 17:34:12,Godox,Lighting,0
306,25,2026-01-22 22:35:29,Canon,Cameras,0
307,135,2025-07-23 00:22:52,Sony,Lenses,1
308,102,2025-09-25 22:40:15,DJI,Drones,10
309,118,2025-10-21 23:51:50,Canon,Cameras,1
310,21,2025-06-03 16:05:02,DJI,Drones,1
311,97,2026-01-20 11:01:29,Godox,Lighting,2
312,180,2026-04-30 02:05:14,Sony,Cameras,1
313,112,2025-09-12 17:34:05,Sigma,Lenses,10
314,25,2026-01-04 12:06:36,DJI,Drones,1
315,178,2025-09-06 09:47:12,Aputure,Lighting,0
316,20,2026-01-20 03:06:00,Sigma,Lenses,2
317,9,2026-04-01 19:57:22,Blackmagic,Cameras,0
318,54,2025-06-24 21:28:22,Fujifilm,Cameras,5
319,77,2026-02-11 00:28:36,Canon,Cameras,2
320,100,2026-04-22 00:55:31,Sony,Lenses,2
321,36,2025-09-01 03:05:14,DJI,Drones,0
322,112,2025-11-20 10:36:18,Sony,Cameras,1
323,197,2025-09-04 14:37:22,Aputure,Lighting,0
324,70,2026-01-21 11:46:23,Aputure,Lighting,1
325,142,2025-10-13 02:22:43,Aputure,Lighting,0
326,150,2025-09-11 04:07:33,Godox,Lighting,2
327,76,2025-10-10 18:31:27,Sony,Cameras,0
328,40,2026-02-02 06:20:03,Nanlite,Lighting,2
329,40,2025-08-30 07:35:13,Aputure,Lighting,1
330,24,2025-12-08 19:22:46,DJI,Drones,1
331,195,2025-06-25 22:17:20,Canon,Lenses,0
332,48,2025-07-20 23:57:36,Aputure,Lighting,2
333,132,2025-10-17 18:43:28,Godox,Lighting,0
334,91,2026-01-20 17:28:20,DJI,Drones,5
335,4,2026-05-07 16:42:19,Sony,Lenses,1
336,22,2025-10-01 17:46:15,Canon,Cameras,2
337,44,2026-01-25 12:56:29,Blackmagic,Cameras,1
338,127,2026-02-22 01:00:01,Sony,Cameras,0
339,71,2026-04-23 02:38:18,Aputure,Lighting,1
340,20,2025-07-14 01:55:59,Sony,Lenses,5
341,185,2026-01-01 12:53:44,Nanlite,Lighting,2
342,118,2025-12-14 12:19:34,DJI,Drones,1
343,102,2025-09-01 08:56:13,Sigma,Lenses,1
344,85,2025-10-12 04:46:32,Aputure,Lighting,1
345,167,2025-12-06 07:01:32,Blackmagic,Cameras,1
346,178,2026-03-27 06:45:45,Fujifilm,Cameras,1
347,102,2025-05-07 15:39:52,Sony,Lenses,2
348,163,2025-09-02 12:12:02,Nanlite,Lighting,2
349,84,2025-08-26 22:06:37,Aputure,Lighting,5
350,101,2025-07-28 02:55:31,Canon,Lenses,5
351,52,2025-10-21 10:43:43,Sony,Cameras,10
352,119,2026-03-08 15:41:02,Fujifilm,Cameras,2
353,178,2025-12-18 17:43:50,Autel,Drones,2
354,36,2025-12-29 02:22:35,Canon,Lenses,1
355,40,2026-01-16 18:10:46,Aputure,Lighting,0
356,154,2025-09-09 15:27:40,Nanlite,Lighting,1
357,130,2025-11-04 01:53:05,Nanlite,Lighting,0
358,93,2025-10-26 01:37:29,DJI,Drones,2
359,169,2025-10-26 05:06:31,Canon,Lenses,2
360,12,2026-01-24 21:10:59,Aputure,Lighting,10
361,111,2025-07-29 11:43:20,DJI,Drones,0
362,57,2025-11-22 00:22:04,Fujifilm,Cameras,1
363,119,2025-11-07 06:17:44,Blackmagic,Cameras,10
364,124,2026-03-11 18:01:51,DJI,Drones,1
365,22,2026-04-22 11:29:41,DJI,Drones,1
366,88,2026-03-12 15:22:09,Godox,Lighting,2
367,90,2026-02-17 07:32:19,Godox,Lighting,1
368,179,2025-07-12 09:31:09,Aputure,Lighting,0
369,12,2026-01-18 08:48:53,DJI,Drones,5
370,166,2025-06-09 10:13:57,DJI,Drones,5
371,190,2025-08-25 16:57:42,Canon,Cameras,2
372,85,2025-11-23 16:14:30,Aputure,Lighting,1
373,104,2026-01-20 07:26:49,Canon,Cameras,2
374,111,2026-01-08 07:19:01,Godox,Lighting,2
375,51,2026-01-02 23:48:35,Nanlite,Lighting,1
376,2,2025-09-14 16:03:42,Canon,Cameras,1
377,181,2025-06-12 18:18:45,DJI,Drones,2
378,138,2026-03-21 08:08:25,Blackmagic,Cameras,1
379,118,2026-02-23 04:59:44,DJI,Drones,2
380,126,2025-08-06 17:00:53,Sigma,Lenses,1
381,101,2026-01-23 18:47:27,DJI,Drones,1
382,118,2025-09-05 01:11:59,Blackmagic,Cameras,5
383,152,2025-08-02 17:41:00,DJI,Drones,1
384,62,2026-03-16 17:35:30,Canon,Lenses,0
385,178,2025-07-23 19:54:22,Fujifilm,Cameras,1
386,36,2025-07-03 17:19:09,Aputure,Lighting,0
387,163,2025-05-16 23:32:31,Canon,Cameras,1
388,36,2025-05-25 10:37:26,Blackmagic,Cameras,5
389,159,2025-08-10 13:58:43,DJI,Drones,10
390,125,2025-11-08 00:28:21,Canon,Cameras,5
391,144,2025-12-30 21:22:01,Aputure,Lighting,2
392,107,2026-04-02 12:00:36,Aputure,Lighting,0
393,145,2026-03-01 22:43:14,DJI,Drones,1
394,71,2025-06-04 18:41:20,Blackmagic,Cameras,0
395,118,2025-10-31 08:40:01,Nanlite,Lighting,2
396,147,2025-10-15 10:45:03,DJI,Drones,2
397,94,2026-04-16 15:16:31,Autel,Drones,2
398,109,2026-01-07 01:43:10,DJI,Drones,1
399,9,2025-12-17 01:31:21,Aputure,Lighting,1
400,23,2025-07-22 00:08:54,Godox,Lighting,2
401,61,2026-02-10 11:21:00,Blackmagic,Cameras,5
402,157,2026-02-01 22:22:22,Godox,Lighting,2
403,53,2025-10-03 14:49:10,Sony,Cameras,2
404,137,2025-11-15 11:48:36,Sigma,Lenses,2
405,83,2025-10-09 16:54:55,Sony,Lenses,2
406,132,2025-08-10 05:58:50,DJI,Drones,10
407,106,2025-07-03 19:20:43,DJI,Drones,5
408,33,2026-01-17 06:47:04,Canon,Cameras,0
409,83,2026-01-29 12:59:10,Fujifilm,Cameras,1
410,148,2025-05-09 15:33:44,Sigma,Lenses,1
411,116,2026-04-19 04:04:24,DJI,Drones,1
412,192,2026-02-23 03:22:37,Sigma,Lenses,5
413,95,2026-04-06 15:46:05,Aputure,Lighting,1
414,1,2026-03-02 13:13:53,Autel,Drones,2
415,179,2026-04-16 09:00:53,Canon,Lenses,2
416,102,2025-06-17 21:20:47,Fujifilm,Cameras,5
417,127,2026-03-05 19:17:05,Sony,Lenses,5
418,87,2025-10-19 14:31:50,Fujifilm,Cameras,2
419,175,2025-07-31 11:37:41,DJI,Drones,0
420,118,2025-07-14 19:15:48,DJI,Drones,5
421,41,2026-03-15 18:43:40,Aputure,Lighting,0
422,110,2026-02-01 18:14:55,Canon,Cameras,5
423,78,2025-11-24 15:35:49,Blackmagic,Cameras,0
424,93,2025-11-03 21:47:58,Canon,Lenses,1
425,167,2025-05-26 23:57:00,Sony,Cameras,1
426,79,2025-12-09 23:16:45,Fujifilm,Cameras,2
427,181,2025-08-12 06:34:37,DJI,Drones,1
428,20,2026-04-28 19:19:16,Canon,Cameras,2
429,114,2026-04-01 22:56:55,DJI,Drones,2
430,31,2025-06-23 15:01:29,Nanlite,Lighting,0
431,19,2025-10-31 18:24:48,Fujifilm,Cameras,0
432,27,2025-06-28 06:41:28,DJI,Drones,1
433,77,2026-03-14 17:37:29,Fujifilm,Cameras,2
434,193,2025-11-03 22:40:10,Canon,Cameras,0
435,145,2026-01-21 18:09:22,DJI,Drones,1
436,185,2025-11-29 18:23:19,Canon,Cameras,5
437,158,2025-12-10 13:26:31,Godox,Lighting,0
438,26,2025-12-24 17:53:55,Sony,Cameras,2
439,99,2025-09-07 17:18:43,Sony,Lenses,1
440,36,2026-02-24 19:19:16,Blackmagic,Cameras,2
441,64,2026-04-18 16:34:21,Sigma,Lenses,0
442,169,2025-10-26 08:57:50,Canon,Lenses,2
443,131,2025-12-31 10:12:51,Fujifilm,Cameras,1
444,14,2026-03-20 00:17:31,Fujifilm,Cameras,1
445,62,2026-02-10 20:00:00,Nanlite,Lighting,2
446,136,2026-04-18 22:06:45,DJI,Drones,5
447,34,2025-11-19 12:45:15,Nanlite,Lighting,1
448,140,2025-10-20 05:23:34,Fujifilm,Cameras,10
449,198,2026-03-26 01:20:47,DJI,Drones,2
450,4,2026-04-24 16:22:46,Canon,Lenses,0
451,16,2025-12-06 06:25:03,Nanlite,Lighting,1
452,183,2025-10-27 16:05:48,Aputure,Lighting,2
453,22,2026-04-20 22:27:59,Blackmagic,Cameras,0
454,21,2025-07-08 07:20:24,Canon,Cameras,2
455,101,2026-02-20 07:15:06,DJI,Drones,2
456,187,2026-04-07 01:35:43,Sony,Cameras,1
457,112,2025-11-07 20:10:02,Autel,Drones,2
458,15,2025-10-29 06:50:06,Sigma,Lenses,2
459,190,2025-08-16 03:43:16,Sony,Cameras,0
460,36,2026-02-23 10:56:54,DJI,Drones,1
461,89,2025-08-11 12:19:19,Canon,Lenses,1
462,192,2026-03-29 15:58:13,Sigma,Lenses,5
463,198,2026-01-10 03:18:58,DJI,Drones,5
464,70,2025-08-23 04:36:35,DJI,Drones,2
465,148,2026-02-28 21:46:54,Autel,Drones,1
466,93,2026-03-05 12:20:08,Autel,Drones,5
467,43,2025-11-25 22:44:50,Canon,Lenses,1
468,27,2025-11-11 16:39:08,DJI,Drones,2
469,1,2026-01-05 21:35:58,DJI,Drones,1
470,121,2025-08-08 09:48:50,Sony,Lenses,5
471,46,2025-08-22 03:18:52,Autel,Drones,1
472,64,2025-10-25 07:47:26,Nanlite,Lighting,1
473,20,2025-06-06 14:04:40,Canon,Lenses,2
474,14,2026-02-08 14:36:03,Canon,Cameras,5
475,12,2025-08-26 11:03:36,Godox,Lighting,5
476,73,2025-08-06 13:31:09,Sony,Lenses,0
477,117,2025-08-21 00:26:57,DJI,Drones,1
478,145,2025-09-14 22:12:24,Sigma,Lenses,2
479,119,2025-09-08 15:47:23,Sigma,Lenses,10
480,198,2026-04-19 07:29:39,Canon,Cameras,0
481,105,2025-12-03 06:27:52,DJI,Drones,2
482,163,2025-06-07 18:55:08,DJI,Drones,0
483,169,2025-06-30 05:37:14,Nanlite,Lighting,2
484,27,2025-07-05 01:43:28,Canon,Cameras,1
485,16,2025-08-05 07:23:38,Blackmagic,Cameras,0
486,60,2025-10-03 06:01:42,Nanlite,Lighting,5
487,118,2026-01-31 23:57:42,DJI,Drones,2
488,164,2025-07-05 20:07:44,Godox,Lighting,2
489,16,2026-02-05 20:11:04,Nanlite,Lighting,10
490,61,2025-07-29 14:03:58,Sony,Lenses,5
491,101,2025-06-01 10:32:13,Sony,Lenses,1
492,60,2025-10-15 14:43:47,DJI,Drones,0
493,198,2025-10-12 18:58:56,DJI,Drones,0
494,116,2025-09-12 23:55:08,Aputure,Lighting,1
495,138,2025-12-04 05:22:59,Canon,Lenses,1
496,119,2025-11-04 10:36:36,Canon,Lenses,0
497,176,2025-10-15 23:10:39,Sigma,Lenses,2
498,11,2025-05-31 16:14:21,Blackmagic,Cameras,0
499,183,2025-07-26 19:43:01,Blackmagic,Cameras,1
500,13,2026-03-26 22:59:21,Sony,Lenses,5
501,45,2025-10-17 15:54:08,Autel,Drones,5
502,143,2025-10-05 18:04:04,Sony,Cameras,1
503,36,2026-04-23 21:35:12,DJI,Drones,0
504,200,2026-03-02 10:53:50,Canon,Cameras,0
505,103,2025-12-20 07:53:43,Sigma,Lenses,2
506,166,2026-02-01 14:37:29,DJI,Drones,5
507,20,2025-05-15 01:55:54,DJI,Drones,0
508,166,2026-04-05 05:12:07,Godox,Lighting,0
509,85,2026-04-14 12:11:45,DJI,Drones,5
510,13,2026-02-28 19:44:22,Fujifilm,Cameras,5
511,102,2025-12-17 01:42:13,Godox,Lighting,1
512,110,2025-10-02 05:17:20,Blackmagic,Cameras,1
513,48,2025-11-08 17:39:15,Sony,Lenses,1
514,39,2025-05-09 18:50:10,DJI,Drones,2
515,128,2025-09-21 02:30:37,Nanlite,Lighting,1
516,23,2025-08-31 11:09:08,Sony,Lenses,0
517,52,2026-02-24 02:46:40,Sony,Cameras,10
518,183,2025-10-05 22:49:11,Sony,Lenses,2
519,125,2026-04-03 22:35:32,Sigma,Lenses,2
520,100,2026-04-18 18:34:56,Canon,Lenses,0
521,153,2026-03-28 01:26:11,Sony,Cameras,5
522,200,2025-10-17 05:26:32,Canon,Lenses,5
523,121,2025-12-02 12:27:36,Sigma,Lenses,10
524,41,2026-02-21 19:13:54,DJI,Drones,2
525,69,2026-02-16 19:09:59,DJI,Drones,2
526,100,2025-12-05 14:12:10,Canon,Lenses,0
527,152,2026-03-14 03:11:33,Sigma,Lenses,2
528,152,2025-12-27 18:36:08,DJI,Drones,5
529,145,2026-04-21 04:05:20,Canon,Cameras,5
530,127,2025-08-01 03:27:01,Canon,Lenses,1
531,24,2025-11-13 02:30:33,DJI,Drones,2
532,6,2025-07-31 17:02:19,Godox,Lighting,1
533,158,2025-08-21 11:49:20,Canon,Cameras,1
534,46,2025-10-23 18:09:59,Canon,Lenses,0
535,151,2025-11-12 02:23:32,Sony,Cameras,5
536,94,2025-05-18 18:24:42,DJI,Drones,2
537,170,2025-10-05 12:17:33,Nanlite,Lighting,0
538,78,2025-09-15 00:50:06,Canon,Lenses,10
539,188,2026-01-22 06:14:05,Nanlite,Lighting,10
540,167,2026-01-26 05:56:31,Canon,Lenses,2
541,144,2026-03-13 11:06:23,Canon,Lenses,2
542,45,2025-10-11 12:23:07,Aputure,Lighting,2
543,76,2026-02-12 17:44:25,Canon,Cameras,2
544,180,2025-07-10 14:12:33,Nanlite,Lighting,0
545,155,2026-03-29 21:57:41,Sigma,Lenses,1
546,145,2025-11-05 00:16:21,Autel,Drones,0
547,191,2026-04-29 14:37:47,DJI,Drones,1
548,82,2025-06-26 01:27:29,Sony,Cameras,5
549,172,2026-01-04 03:44:09,Sony,Lenses,0
550,54,2025-11-30 22:16:26,Sony,Cameras,1
551,28,2025-05-17 23:13:34,DJI,Drones,1
552,188,2026-04-24 17:04:13,Godox,Lighting,5
553,127,2025-10-07 12:24:56,Aputure,Lighting,2
554,26,2025-12-23 08:43:16,Nanlite,Lighting,2
555,176,2025-12-12 16:23:43,Canon,Cameras,1
556,9,2026-01-19 23:29:11,Canon,Lenses,1
557,27,2025-05-18 00:29:24,DJI,Drones,0
558,97,2025-06-09 02:19:40,Sony,Cameras,2
559,24,2026-01-12 02:44:30,Sigma,Lenses,10
560,124,2025-10-20 22:50:29,Autel,Drones,5
561,43,2025-06-29 04:41:30,Godox,Lighting,0
562,85,2026-04-09 03:31:15,Canon,Cameras,1
563,142,2025-11-02 19:13:20,Sigma,Lenses,1
564,61,2025-07-17 01:43:05,DJI,Drones,1
565,141,2025-05-27 00:34:03,Godox,Lighting,0
566,1,2025-08-16 12:42:48,Godox,Lighting,1
567,170,2025-10-01 17:23:05,Godox,Lighting,0
568,53,2025-09-11 15:01:43,Blackmagic,Cameras,10
569,122,2025-07-28 16:41:51,DJI,Drones,2
570,121,2025-10-31 01:59:08,Nanlite,Lighting,1
571,165,2025-09-11 10:18:16,Godox,Lighting,1
572,98,2025-09-15 13:36:50,Canon,Lenses,1
573,68,2026-02-27 03:03:21,Aputure,Lighting,1
574,69,2026-04-14 02:43:11,DJI,Drones,2
575,171,2025-10-01 17:35:35,DJI,Drones,2
576,139,2025-08-23 13:25:13,Nanlite,Lighting,1
577,16,2026-02-23 13:07:13,Nanlite,Lighting,1
578,138,2026-03-26 13:58:37,Nanlite,Lighting,5
579,122,2025-10-18 05:08:59,Canon,Lenses,1
580,183,2025-08-13 11:13:18,DJI,Drones,0
581,194,2026-03-27 17:48:52,Godox,Lighting,5
582,43,2025-06-08 07:18:08,Canon,Cameras,0
583,109,2025-11-06 03:27:29,Autel,Drones,1
584,161,2025-05-15 00:32:46,Blackmagic,Cameras,1
585,187,2026-02-22 09:17:34,DJI,Drones,1
586,102,2025-12-02 23:37:50,Sony,Lenses,2
587,4,2025-05-27 17:21:13,Godox,Lighting,1
588,38,2025-09-20 09:44:51,DJI,Drones,2
589,26,2025-08-02 13:46:58,Sigma,Lenses,5
590,106,2026-01-14 23:39:46,Sony,Lenses,2
591,147,2025-06-03 03:27:01,Godox,Lighting,0
592,104,2026-03-06 21:30:02,Fujifilm,Cameras,0
593,85,2026-01-15 14:40:28,Sony,Cameras,2
594,69,2025-05-23 03:06:49,Canon,Lenses,1
595,78,2026-02-24 09:50:37,Sony,Lenses,5
596,179,2025-05-19 13:06:04,DJI,Drones,0
597,191,2025-08-11 12:43:41,Aputure,Lighting,1
598,107,2025-07-23 22:03:25,DJI,Drones,1
599,105,2026-03-29 10:03:38,Nanlite,Lighting,5
600,15,2025-05-15 09:50:10,Sony,Cameras,1
601,130,2026-01-03 19:08:56,Godox,Lighting,2
602,135,2025-07-05 16:11:14,DJI,Drones,0
603,52,2025-08-08 03:16:51,DJI,Drones,0
604,13,2025-06-25 12:20:44,Sigma,Lenses,0
605,95,2025-11-07 09:47:23,Nanlite,Lighting,1
606,32,2026-01-22 11:41:22,DJI,Drones,1
607,153,2025-06-20 22:04:03,Godox,Lighting,10
608,122,2025-12-12 12:27:29,Sony,Lenses,0
609,67,2025-07-31 03:27:27,DJI,Drones,0
610,13,2025-11-04 02:18:42,Canon,Cameras,5
611,166,2026-02-03 03:22:00,Canon,Cameras,1
612,105,2025-08-15 00:14:42,DJI,Drones,1
613,34,2026-03-01 07:53:21,Sony,Cameras,1
614,156,2025-09-27 18:13:59,Sigma,Lenses,10
615,165,2025-07-11 15:47:20,Sony,Lenses,5
616,90,2025-12-28 19:12:36,Aputure,Lighting,1
617,78,2025-12-29 07:50:15,Nanlite,Lighting,0
618,131,2026-02-21 23:03:11,Sigma,Lenses,2
619,156,2026-02-10 11:27:19,Sony,Lenses,2
620,124,2025-06-20 23:24:16,DJI,Drones,10
621,164,2026-03-05 13:25:35,Sony,Lenses,1
622,183,2026-03-21 16:19:16,Canon,Lenses,0
623,196,2025-07-10 02:17:19,Sony,Cameras,5
624,154,2025-09-05 06:58:25,Nanlite,Lighting,1
625,36,2025-06-18 11:26:03,Autel,Drones,10
626,67,2025-12-18 05:36:48,Aputure,Lighting,1
627,10,2025-05-17 11:13:15,Blackmagic,Cameras,2
628,57,2026-05-03 05:44:12,Nanlite,Lighting,1
629,77,2025-09-05 15:31:59,Canon,Cameras,1
630,121,2025-12-17 02:41:43,Blackmagic,Cameras,2
631,144,2026-01-25 13:12:54,Blackmagic,Cameras,2
632,57,2026-04-25 03:17:52,Canon,Lenses,2
633,79,2025-09-30 05:59:42,Aputure,Lighting,1
634,150,2025-10-08 12:58:05,Sony,Lenses,5
635,121,2026-02-09 04:18:03,DJI,Drones,1
636,50,2025-07-23 12:26:54,Autel,Drones,2
637,106,2025-06-06 00:13:09,DJI,Drones,0
638,52,2025-12-23 10:37:58,Sony,Lenses,10
639,118,2026-01-30 16:52:25,Blackmagic,Cameras,5
640,47,2026-03-26 01:22:10,Autel,Drones,1
641,46,2026-01-06 02:12:13,Sigma,Lenses,0
642,116,2025-08-09 19:24:04,Canon,Lenses,2
643,44,2025-06-16 01:40:11,Fujifilm,Cameras,2
644,200,2026-02-02 06:11:26,DJI,Drones,2
645,163,2026-03-03 11:55:28,Aputure,Lighting,1
646,123,2025-09-01 14:50:06,Godox,Lighting,0
647,52,2026-04-02 17:11:17,Canon,Lenses,5
648,194,2026-01-28 05:38:14,Sony,Cameras,2
649,161,2025-12-26 16:07:21,Canon,Cameras,2
650,89,2026-03-16 07:56:44,Canon,Lenses,0
651,129,2025-06-23 12:11:44,Canon,Lenses,0
652,12,2026-03-12 17:15:22,Sony,Lenses,1
653,134,2025-12-13 06:45:16,Sony,Lenses,5
654,35,2026-03-07 10:34:15,Sony,Lenses,1
655,49,2025-05-23 10:40:22,Fujifilm,Cameras,0
656,58,2025-09-19 08:03:16,Canon,Cameras,2
657,151,2025-11-30 09:25:35,Sony,Cameras,1
658,167,2025-10-20 20:39:11,Autel,Drones,5
659,66,2026-01-19 09:42:23,DJI,Drones,2
660,168,2025-09-28 09:51:06,DJI,Drones,2
661,107,2025-06-03 06:36:15,Aputure,Lighting,0
662,65,2025-11-19 23:46:37,Nanlite,Lighting,0
663,178,2026-01-13 23:25:17,DJI,Drones,1
664,26,2025-09-17 00:23:09,Sigma,Lenses,2
665,36,2025-05-12 09:48:26,Godox,Lighting,2
666,159,2026-04-02 10:29:58,DJI,Drones,0
667,28,2025-10-17 15:06:43,Godox,Lighting,2
668,200,2026-03-22 20:33:37,Sigma,Lenses,10
669,92,2025-11-13 20:53:30,Aputure,Lighting,0
670,141,2025-06-17 11:34:27,Godox,Lighting,2
671,124,2025-10-22 20:36:42,Canon,Lenses,0
672,172,2025-09-25 03:43:04,DJI,Drones,5
673,172,2026-01-09 07:57:48,Godox,Lighting,5
674,200,2026-04-18 17:57:44,DJI,Drones,5
675,165,2026-03-25 07:59:34,Fujifilm,Cameras,10
676,76,2025-11-02 00:57:43,Sony,Lenses,0
677,45,2026-02-06 04:28:30,DJI,Drones,1
678,174,2025-07-05 21:51:42,Sony,Lenses,2
679,25,2025-10-23 14:54:54,DJI,Drones,5
680,170,2025-07-14 21:35:46,Blackmagic,Cameras,1
681,113,2026-02-16 11:20:55,Sigma,Lenses,0
682,88,2025-11-26 02:54:46,Sony,Cameras,1
683,117,2026-01-15 02:35:00,Sony,Lenses,2
684,123,2025-08-20 09:13:52,Nanlite,Lighting,5
685,43,2026-01-01 16:36:00,DJI,Drones,2
686,16,2026-03-17 08:50:36,Sony,Cameras,1
687,152,2026-04-29 15:20:19,Nanlite,Lighting,2
688,47,2025-12-02 12:00:57,Aputure,Lighting,2
689,176,2026-03-04 08:03:44,Fujifilm,Cameras,5
690,29,2025-11-11 06:24:15,Aputure,Lighting,0
691,67,2025-11-04 00:49:06,Canon,Lenses,2
692,174,2025-10-23 15:43:45,Blackmagic,Cameras,2
693,177,2026-03-24 04:17:06,Autel,Drones,2
694,64,2026-02-15 09:32:20,Aputure,Lighting,2
695,165,2025-12-23 14:08:40,Godox,Lighting,5
696,143,2025-08-19 17:30:30,DJI,Drones,2
697,41,2025-09-09 15:58:38,Aputure,Lighting,5
698,20,2026-04-03 06:25:22,Aputure,Lighting,1
699,72,2025-08-10 20:03:41,DJI,Drones,2
700,97,2026-03-26 02:51:18,Godox,Lighting,0
701,114,2026-05-05 11:11:17,Godox,Lighting,5
702,115,2025-06-10 03:38:15,Canon,Lenses,10
703,191,2025-08-23 19:40:49,DJI,Drones,1
704,10,2026-04-14 21:16:44,DJI,Drones,2
705,159,2025-10-29 13:39:36,Sigma,Lenses,2
706,168,2025-08-10 04:51:10,Aputure,Lighting,1
707,14,2026-02-22 22:49:36,Fujifilm,Cameras,1
708,197,2025-11-03 23:16:39,Nanlite,Lighting,2
709,184,2025-12-14 19:15:52,Godox,Lighting,0
710,169,2025-12-30 12:35:04,Sony,Cameras,1
711,163,2026-01-21 23:50:55,Sigma,Lenses,2
712,180,2025-10-01 16:19:01,DJI,Drones,5
713,127,2025-09-15 03:19:28,Fujifilm,Cameras,0
714,157,2025-05-18 15:23:03,Canon,Cameras,0
715,101,2025-11-15 11:09:04,Fujifilm,Cameras,5
716,49,2026-04-02 23:20:10,Canon,Lenses,2
717,12,2025-09-10 17:13:56,Autel,Drones,1
718,151,2025-07-17 02:45:04,Fujifilm,Cameras,0
719,189,2025-11-12 20:10:32,Autel,Drones,5
720,124,2025-07-28 20:58:52,Canon,Cameras,2
721,33,2025-09-22 07:05:21,Autel,Drones,2
722,156,2026-03-13 08:13:02,Sigma,Lenses,5
723,108,2025-08-15 19:53:59,Blackmagic,Cameras,1
724,88,2025-09-16 16:04:07,Sony,Lenses,5
725,36,2025-08-24 02:29:12,Nanlite,Lighting,2
726,192,2026-04-14 09:03:27,Sigma,Lenses,2
727,81,2025-12-25 00:26:53,Canon,Cameras,1
728,183,2026-02-03 19:23:13,Sigma,Lenses,1
729,173,2026-04-14 07:04:33,Canon,Cameras,2
730,178,2025-08-22 18:53:26,Sigma,Lenses,0
731,91,2025-12-09 08:13:43,Nanlite,Lighting,2
732,171,2025-05-11 10:29:45,Nanlite,Lighting,2
733,137,2025-11-24 03:11:44,Sony,Lenses,5
734,134,2025-07-20 16:39:20,DJI,Drones,1
735,14,2025-06-09 17:51:05,DJI,Drones,1
736,42,2025-08-09 05:28:56,Sigma,Lenses,1
737,16,2026-02-11 03:27:47,Canon,Lenses,2
738,9,2025-10-12 08:03:55,Sony,Lenses,0
739,173,2025-11-13 05:45:23,Fujifilm,Cameras,1
740,179,2025-12-09 02:29:53,Sigma,Lenses,2
741,98,2026-02-25 22:29:15,Aputure,Lighting,10
742,176,2025-08-08 19:51:44,Sigma,Lenses,0
743,191,2026-01-30 16:49:35,Canon,Lenses,2
744,200,2025-11-08 09:23:24,Godox,Lighting,5
745,181,2026-01-13 08:07:55,Sigma,Lenses,2
746,155,2026-02-07 22:43:58,Canon,Cameras,1
747,46,2025-11-14 02:40:02,DJI,Drones,10
748,189,2025-10-28 13:10:13,Autel,Drones,0
749,72,2026-03-11 10:33:03,Canon,Lenses,0
750,66,2025-05-14 04:35:58,DJI,Drones,1
751,40,2025-06-12 15:12:03,DJI,Drones,5
752,153,2025-08-29 18:21:18,DJI,Drones,1
753,147,2025-08-01 13:18:32,Canon,Lenses,2
754,82,2025-10-11 13:10:21,Canon,Cameras,2
755,130,2026-01-31 03:48:16,Fujifilm,Cameras,2
756,104,2025-08-09 23:38:57,DJI,Drones,1
757,55,2025-09-03 09:55:40,Sony,Lenses,1
758,56,2026-01-20 08:26:12,Nanlite,Lighting,5
759,167,2025-12-19 08:22:18,DJI,Drones,2
760,115,2025-09-27 19:24:02,Canon,Cameras,10
761,175,2025-11-07 06:59:17,Sony,Lenses,5
762,30,2025-12-08 10:37:21,Aputure,Lighting,2
763,73,2025-11-29 16:25:54,DJI,Drones,2
764,131,2025-09-17 23:55:55,Aputure,Lighting,0
765,167,2025-10-19 17:51:49,Blackmagic,Cameras,2
766,25,2026-02-21 04:30:10,Sony,Cameras,2
767,54,2025-12-07 05:52:23,Fujifilm,Cameras,5
768,53,2025-09-12 23:04:45,Nanlite,Lighting,5
769,19,2025-09-21 02:59:33,Sony,Cameras,1
770,85,2026-02-04 10:57:49,DJI,Drones,0
771,46,2025-10-30 17:05:35,Sigma,Lenses,0
772,59,2025-08-20 17:00:17,Sony,Lenses,1
773,162,2025-09-03 13:48:51,Aputure,Lighting,1
774,100,2025-08-13 03:07:58,DJI,Drones,2
775,159,2025-08-05 00:39:04,DJI,Drones,2
776,19,2025-06-23 08:28:30,Sigma,Lenses,0
777,176,2026-02-11 14:44:17,Sigma,Lenses,0
778,196,2025-07-21 06:53:47,Aputure,Lighting,1
779,170,2025-09-07 01:00:03,Autel,Drones,0
780,57,2025-06-22 22:12:42,Fujifilm,Cameras,2
781,140,2026-02-20 00:02:03,Sigma,Lenses,0
782,174,2025-12-01 14:29:41,Canon,Lenses,2
783,143,2026-02-27 12:00:10,Sony,Cameras,0
784,147,2026-01-30 12:40:17,Nanlite,Lighting,2
785,22,2025-07-18 09:36:08,Canon,Lenses,2
786,186,2025-07-20 21:10:19,Canon,Lenses,1
787,166,2025-07-30 12:43:54,Canon,Cameras,0
788,158,2026-02-18 08:10:30,Canon,Lenses,0
789,172,2025-11-11 12:56:19,Autel,Drones,2
790,19,2025-08-22 21:02:38,Sigma,Lenses,0
791,26,2026-02-12 21:30:09,Fujifilm,Cameras,10
792,92,2025-12-22 11:13:44,Canon,Cameras,0
793,159,2026-02-26 17:31:55,DJI,Drones,1
794,116,2025-11-27 05:51:03,Sigma,Lenses,2
795,178,2025-12-25 06:22:25,Blackmagic,Cameras,5
796,110,2025-08-25 09:37:11,Sony,Cameras,1
797,57,2025-06-15 12:51:07,Aputure,Lighting,5
798,35,2026-03-26 20:32:22,Sony,Lenses,1
799,92,2025-07-21 21:11:16,Sony,Lenses,2
800,45,2025-08-30 13:05:52,DJI,Drones,5
